{
    "name": "LDA-LIB",
    "version": "0.0.2",
    "title": "LUIS DAS ARTIMANHAS - Biblioteca Utilitária",
    "author": "LUISDASARTIMANHAS",
    "contact": "luisaugustodesouza785@gmail.com",
    "homepage": "https://github.com/LUISDASARTIMANHAS",
    "description": "Biblioteca utilitária para criação rápida de itens, receitas e outros protótipos Factorio..",
    "factorio_version": "2.0",
    "dependencies": [
        "base >= 2.0.0",
        "flib"
    ],
    "license": "GNU General Public License v3.0",
    "thumbnail": "thumbnail.png"
}